Taxonomy	MockHiSeq.even
D_0__Bacteria;D_1__Bacteroidetes;D_2__Bacteroidia;D_3__Bacteroidales;D_4__Bacteroidaceae;D_5__Bacteroides;D_6__Bacteroides finegoldii	0.0208333333
D_0__Bacteria;D_1__Firmicutes;D_2__Clostridia;D_3__Clostridiales;D_4__Lachnospiraceae;D_5__Roseburia	0.0208333334
D_0__Bacteria;D_1__Firmicutes;D_2__Clostridia;D_3__Clostridiales;D_4__Lachnospiraceae;D_5__Blautia	0.0416666666
D_0__Bacteria;D_1__Proteobacteria;D_2__Gammaproteobacteria;D_3__Enterobacteriales;D_4__Enterobacteriaceae;D_5__Escherichia-Shigella	0.0208333334
D_0__Bacteria;D_1__Firmicutes;D_2__Clostridia;D_3__Clostridiales;D_4__Clostridiaceae 1;D_5__Clostridium sensu stricto 18;D_6__Clostridium sporogenes	0.0208333333
D_0__Bacteria;D_1__Firmicutes;D_2__Clostridia;D_3__Clostridiales;D_4__Lachnospiraceae;D_5__[Eubacterium] ruminantium group	0.0625000001
D_0__Bacteria;D_1__Bacteroidetes;D_2__Bacteroidia;D_3__Bacteroidales;D_4__Bacteroidaceae;D_5__Bacteroides;D_6__Bacteroides ovatus	0.0208333333
D_0__Bacteria;D_1__Bacteroidetes;D_2__Bacteroidia;D_3__Bacteroidales;D_4__Porphyromonadaceae;D_5__Parabacteroides	0.0208333333
D_0__Bacteria;D_1__Proteobacteria;D_2__Gammaproteobacteria;D_3__Enterobacteriales;D_4__Enterobacteriaceae;D_5__Edwardsiella;D_6__Edwardsiella tarda	0.0208333334
D_0__Bacteria;D_1__Bacteroidetes;D_2__Bacteroidia;D_3__Bacteroidales;D_4__Bacteroidaceae;D_5__Bacteroides;D_6__Bacteroides uniformis str. 3978 T3 ii	0.0208333333
D_0__Bacteria;D_1__Bacteroidetes;D_2__Bacteroidia;D_3__Bacteroidales;D_4__Rikenellaceae;D_5__Alistipes	0.0208333333
D_0__Bacteria;D_1__Firmicutes;D_2__Clostridia;D_3__Clostridiales;D_4__Lachnospiraceae;D_5__Dorea;D_6__Dorea formicigenerans ATCC 27755	0.0208333333
D_0__Bacteria;D_1__Firmicutes;D_2__Clostridia;D_3__Clostridiales;D_4__Ruminococcaceae;D_5__Faecalibacterium;D_6__Faecalibacterium cf. prausnitzii KLE1255	0.0208333334
D_0__Bacteria;D_1__Bacteroidetes;D_2__Bacteroidia;D_3__Bacteroidales;D_4__Bacteroidaceae;D_5__Bacteroides;D_6__Bacteroides vulgatus	0.0208333333
D_0__Bacteria;D_1__Proteobacteria;D_2__Gammaproteobacteria;D_3__Enterobacteriales;D_4__Enterobacteriaceae;D_5__Enterobacter;D_6__Enterobacter cancerogenus	0.0208333334
D_0__Bacteria;D_1__Firmicutes;D_2__Clostridia;D_3__Clostridiales;D_4__Ruminococcaceae;D_5__Ruminococcus 1	0.0625000002
D_0__Bacteria;D_1__Bacteroidetes;D_2__Bacteroidia;D_3__Bacteroidales;D_4__Bacteroidaceae;D_5__Bacteroides;D_6__Bacteroides xylanisolvens	0.0208333333
D_0__Bacteria;D_1__Firmicutes;D_2__Clostridia;D_3__Clostridiales;D_4__Lachnospiraceae;D_5__Coprococcus 3	0.0208333333
D_0__Bacteria;D_1__Verrucomicrobia;D_2__Verrucomicrobiae;D_3__Verrucomicrobiales;D_4__Verrucomicrobiaceae;D_5__Akkermansia	0.0208333334
D_0__Bacteria;D_1__Bacteroidetes;D_2__Bacteroidia;D_3__Bacteroidales;D_4__Bacteroidaceae;D_5__Bacteroides;D_6__Bacteroides thetaiotaomicron	0.0624999999
D_0__Bacteria;D_1__Actinobacteria;D_2__Actinobacteria;D_3__Bifidobacteriales;D_4__Bifidobacteriaceae;D_5__Bifidobacterium;D_6__Bifidobacterium pseudocatenulatum	0.0208333333
D_0__Bacteria;D_1__Firmicutes;D_2__Clostridia;D_3__Clostridiales;D_4__Ruminococcaceae;D_5__Subdoligranulum	0.0208333334
D_0__Bacteria;D_1__Bacteroidetes;D_2__Bacteroidia;D_3__Bacteroidales;D_4__Bacteroidaceae;D_5__Bacteroides	0.0833333332
D_0__Bacteria;D_1__Proteobacteria;D_2__Gammaproteobacteria;D_3__Enterobacteriales;D_4__Enterobacteriaceae;D_5__Providencia;D_6__Providencia alcalifaciens	0.0208333334
D_0__Bacteria;D_1__Firmicutes;D_2__Bacilli;D_3__Lactobacillales;D_4__Streptococcaceae;D_5__Streptococcus;D_6__Streptococcus infantarius subsp. infantarius	0.0208333334
D_0__Bacteria;D_1__Actinobacteria;D_2__Coriobacteriia;D_3__Coriobacteriales;D_4__Coriobacteriaceae;D_5__Collinsella;D_6__Collinsella intestinalis	0.0208333333
D_0__Bacteria;D_1__Actinobacteria;D_2__Actinobacteria;D_3__Bifidobacteriales;D_4__Bifidobacteriaceae;D_5__Bifidobacterium	0.0208333333
D_0__Bacteria;D_1__Proteobacteria;D_2__Gammaproteobacteria;D_3__Enterobacteriales;D_4__Enterobacteriaceae;D_5__Escherichia-Shigella;D_6__Escherichia coli KTE141	0.0208333334
D_0__Bacteria;D_1__Firmicutes;D_2__Clostridia;D_3__Clostridiales;D_4__Clostridiaceae 1;D_5__Clostridium sensu stricto 12	0.1249999998
D_0__Bacteria;D_1__Firmicutes;D_2__Clostridia;D_3__Clostridiales;D_4__Family XI;D_5__Anaerococcus;D_6__Anaerococcus hydrogenalis	0.0208333333
D_0__Bacteria;D_1__Firmicutes;D_2__Clostridia;D_3__Clostridiales;D_4__Ruminococcaceae;D_5__Anaerotruncus	0.0208333333
D_0__Bacteria;D_1__Proteobacteria;D_2__Gammaproteobacteria;D_3__Enterobacteriales;D_4__Enterobacteriaceae;D_5__Proteus	0.0208333334
D_0__Bacteria;D_1__Firmicutes;D_2__Clostridia;D_3__Clostridiales;D_4__Lachnospiraceae;D_5__Dorea;D_6__Dorea longicatena	0.0208333333
